<webviews>
	<view-services>
	    <view-service>
		    <id-WebView>oneBill</id-WebView>
		 	<class-name>com.test.billchecktest.OneBillActivity</class-name>
		 	<html-interface-name>MyView</html-interface-name>
		 	<url>file:///android_asset/web/OneBill.html</url>  
		 	<map></map>
  		</view-service>  
	   
		<view-service>
		    <id-WebView>billView</id-WebView>
		 	<class-name>com.test.billchecktest.MainActivity</class-name>
		 	<html-interface-name>MyView</html-interface-name>
		 	<url>file:///android_asset/web/billView.html</url>  
		 	<map></map>
  		</view-service>
	</view-services>
</webviews>